Workbook

Sheet Исходные данные
A1: Исходные данные для расчета моделей
A2: № | B2: Район | C2: y, % | D2: x, руб.
A3: 1 | B3: Удмуртская респ. | C3: 68.8 | D3: 45.1
A4: 2 | B4: Свердловская обл. | C4: 61.2 | D4: 59
A5: 3 | B5: Башкортостан | C5: 59.9 | D5: 57.2
A6: 4 | B6: Челябинская обл. | C6: 56.7 | D6: 61.8
A7: 5 | B7: Пермская обл. | C7: 55 | D7: 58.8
A8: 6 | B8: Курганская обл. | C8: 54.3 | D8: 47.2
A9: 7 | B9: Оренбургская обл. | C9: 49.3 | D9: 55.2

Sheet 1. Линейная модель
A1: Линейная модель: расчетные показатели
A2: № | B2: Район | C2: y | D2: x | E2: xy | F2: x² | G2: y² | H2: ŷ | I2: y - ŷ | J2: (y - ŷ)² | K2: Aᵢ, % | N2: Показатель | O2: Значение
A3: ='Исходные данные'!A3 -> 1 | B3: ='Исходные данные'!B3 -> Удмуртская респ. | C3: ='Исходные данные'!C3 -> 68.8 | D3: ='Исходные данные'!D3 -> 45.1 | E3: =C3*D3 -> 3102.88 | F3: =D3^2 -> 2034.01 | G3: =C3^2 -> 4733.44 | H3: =$O$9+$O$8*D3 -> 61.275795 | I3: =C3-H3 -> 7.524205 | J3: =I3^2 -> 56.613661 | K3: =ABS(I3/C3)*100 -> 10.936344 | N3: n | O3: =COUNT(C3:C9) -> 7
A4: ='Исходные данные'!A4 -> 2 | B4: ='Исходные данные'!B4 -> Свердловская обл. | C4: ='Исходные данные'!C4 -> 61.2 | D4: ='Исходные данные'!D4 -> 59 | E4: =C4*D4 -> 3610.8 | F4: =D4^2 -> 3481 | G4: =C4^2 -> 3745.44 | H4: =$O$9+$O$8*D4 -> 56.467415 | I4: =C4-H4 -> 4.7325848 | J4: =I4^2 -> 22.397359 | K4: =ABS(I4/C4)*100 -> 7.7329817 | N4: x̄ | O4: =AVERAGE(D3:D9) -> 54.9
A5: ='Исходные данные'!A5 -> 3 | B5: ='Исходные данные'!B5 -> Башкортостан | C5: ='Исходные данные'!C5 -> 59.9 | D5: ='Исходные данные'!D5 -> 57.2 | E5: =C5*D5 -> 3426.28 | F5: =D5^2 -> 3271.84 | G5: =C5^2 -> 3588.01 | H5: =$O$9+$O$8*D5 -> 57.090083 | I5: =C5-H5 -> 2.8099169 | J5: =I5^2 -> 7.895633 | K5: =ABS(I5/C5)*100 -> 4.6910132 | N5: ȳ | O5: =AVERAGE(C3:C9) -> 57.885714
A6: ='Исходные данные'!A6 -> 4 | B6: ='Исходные данные'!B6 -> Челябинская обл. | C6: ='Исходные данные'!C6 -> 56.7 | D6: ='Исходные данные'!D6 -> 61.8 | E6: =C6*D6 -> 3504.06 | F6: =D6^2 -> 3819.24 | G6: =C6^2 -> 3214.89 | H6: =$O$9+$O$8*D6 -> 55.498821 | I6: =C6-H6 -> 1.2011793 | J6: =I6^2 -> 1.4428317 | K6: =ABS(I6/C6)*100 -> 2.118482 | N6: cov(x,y) | O6: =AVERAGE(E3:E9)-O4*O5 -> -11.877143
A7: ='Исходные данные'!A7 -> 5 | B7: ='Исходные данные'!B7 -> Пермская обл. | C7: ='Исходные данные'!C7 -> 55 | D7: ='Исходные данные'!D7 -> 58.8 | E7: =C7*D7 -> 3234 | F7: =D7^2 -> 3457.44 | G7: =C7^2 -> 3025 | H7: =$O$9+$O$8*D7 -> 56.536601 | I7: =C7-H7 -> -1.5366005 | J7: =I7^2 -> 2.3611412 | K7: =ABS(I7/C7)*100 -> 2.7938191 | N7: σ²x | O7: =AVERAGE(F3:F9)-O4^2 -> 34.334286
A8: ='Исходные данные'!A8 -> 6 | B8: ='Исходные данные'!B8 -> Курганская обл. | C8: ='Исходные данные'!C8 -> 54.3 | D8: ='Исходные данные'!D8 -> 47.2 | E8: =C8*D8 -> 2562.96 | F8: =D8^2 -> 2227.84 | G8: =C8^2 -> 2948.49 | H8: =$O$9+$O$8*D8 -> 60.549349 | I8: =C8-H8 -> -6.2493491 | J8: =I8^2 -> 39.054365 | K8: =ABS(I8/C8)*100 -> 11.50893 | N8: b | O8: =O6/O7 -> -0.3459266
A9: ='Исходные данные'!A9 -> 7 | B9: ='Исходные данные'!B9 -> Оренбургская обл. | C9: ='Исходные данные'!C9 -> 49.3 | D9: ='Исходные данные'!D9 -> 55.2 | E9: =C9*D9 -> 2721.36 | F9: =D9^2 -> 3047.04 | G9: =C9^2 -> 2430.49 | H9: =$O$9+$O$8*D9 -> 57.781936 | I9: =C9-H9 -> -8.4819363 | J9: =I9^2 -> 71.943243 | K9: =ABS(I9/C9)*100 -> 17.204739 | N9: a | O9: =O5-O8*O4 -> 76.877085
A10: Итого | C10: =SUM(C3:C9) -> 405.2 | D10: =SUM(D3:D9) -> 384.3 | N10: rxy | O10: =O8*SQRT(O7)/SQRT(AVERAGE(G3:G9)-O5^2) -> -0.35325729
A11: Среднее | C11: =AVERAGE(C3:C9) -> 57.885714 | D11: =AVERAGE(D3:D9) -> 54.9 | N11: R² | O11: =O10^2 -> 0.12479072
A12: Дисперсия | C12: =SUMPRODUCT((C3:C9-C11)^2)/COUNT(C3:C9) -> 32.924082 | D12: =SUMPRODUCT((D3:D9-D11)^2)/COUNT(D3:D9) -> 34.334286 | N12: Ā, % | O12: =AVERAGE(K3:K9) -> 8.1409014
A13: Станд. откл. | C13: =SQRT(C12) -> 5.737951 | D13: =SQRT(D12) -> 5.8595465 | N13: Fфакт | O13: =O11/(1-O11)*(O3-2) -> 0.71291928
N14: Уравнение | O14: ="ŷ = "&TEXT(O9,"0.00")&" + ("&TEXT(O8,"0.000")&")·x" -> ŷ = 76.88 + (-0.346)·x

Sheet 2. Степенная модель
A1: Степенная модель: логарифмическая линеаризация
A2: № | B2: Район | C2: y | D2: x | E2: Y=lg y | F2: X=lg x | G2: YX | H2: Y² | I2: X² | J2: ŷ | K2: y - ŷ | L2: (y - ŷ)² | M2: Aᵢ, % | N2: Показатель | O2: Значение
A3: ='Исходные данные'!A3 -> 1 | B3: ='Исходные данные'!B3 -> Удмуртская респ. | C3: ='Исходные данные'!C3 -> 68.8 | D3: ='Исходные данные'!D3 -> 45.1 | E3: =LOG10(C3) -> 1.8375884 | F3: =LOG10(D3) -> 1.6541765 | G3: =E3*F3 -> 3.0396957 | H3: =E3^2 -> 3.3767313 | I3: =F3^2 -> 2.7363 | J3: =$O$10*(D3^$O$8) -> 60.979294 | K3: =C3-J3 -> 7.8207059 | L3: =K3^2 -> 61.16344 | M3: =ABS(K3/C3)*100 -> 11.367305 | N3: n | O3: =COUNT(C3:C9) -> 7
A4: ='Исходные данные'!A4 -> 2 | B4: ='Исходные данные'!B4 -> Свердловская обл. | C4: ='Исходные данные'!C4 -> 61.2 | D4: ='Исходные данные'!D4 -> 59 | E4: =LOG10(C4) -> 1.7867514 | F4: =LOG10(D4) -> 1.770852 | G4: =E4*F4 -> 3.1640724 | H4: =E4^2 -> 3.1924806 | I4: =F4^2 -> 3.1359168 | J4: =$O$10*(D4^$O$8) -> 56.281235 | K4: =C4-J4 -> 4.9187648 | L4: =K4^2 -> 24.194247 | M4: =ABS(K4/C4)*100 -> 8.0371974 | N4: X̄ | O4: =AVERAGE(F3:F9) -> 1.7369531
A5: ='Исходные данные'!A5 -> 3 | B5: ='Исходные данные'!B5 -> Башкортостан | C5: ='Исходные данные'!C5 -> 59.9 | D5: ='Исходные данные'!D5 -> 57.2 | E5: =LOG10(C5) -> 1.7774268 | F5: =LOG10(D5) -> 1.757396 | G5: =E5*F5 -> 3.1236428 | H5: =E5^2 -> 3.1592461 | I5: =F5^2 -> 3.0884408 | J5: =$O$10*(D5^$O$8) -> 56.804038 | K5: =C5-J5 -> 3.0959619 | L5: =K5^2 -> 9.5849802 | M5: =ABS(K5/C5)*100 -> 5.1685508 | N5: Ȳ | O5: =AVERAGE(E3:E9) -> 1.7604799
A6: ='Исходные данные'!A6 -> 4 | B6: ='Исходные данные'!B6 -> Челябинская обл. | C6: ='Исходные данные'!C6 -> 56.7 | D6: ='Исходные данные'!D6 -> 61.8 | E6: =LOG10(C6) -> 1.7535831 | F6: =LOG10(D6) -> 1.7909885 | G6: =E6*F6 -> 3.140647 | H6: =E6^2 -> 3.0750535 | I6: =F6^2 -> 3.2076397 | J6: =$O$10*(D6^$O$8) -> 55.507851 | K6: =C6-J6 -> 1.192149 | L6: =K6^2 -> 1.4212191 | M6: =ABS(K6/C6)*100 -> 2.1025555 | N6: cov(X,Y) | O6: =AVERAGE(G3:G9)-O4*O5 -> -0.00069854344
A7: ='Исходные данные'!A7 -> 5 | B7: ='Исходные данные'!B7 -> Пермская обл. | C7: ='Исходные данные'!C7 -> 55 | D7: ='Исходные данные'!D7 -> 58.8 | E7: =LOG10(C7) -> 1.7403627 | F7: =LOG10(D7) -> 1.7693773 | G7: =E7*F7 -> 3.0793583 | H7: =E7^2 -> 3.0288623 | I7: =F7^2 -> 3.1306961 | J7: =$O$10*(D7^$O$8) -> 56.338295 | K7: =C7-J7 -> -1.3382953 | L7: =K7^2 -> 1.7910344 | M7: =ABS(K7/C7)*100 -> 2.4332642 | N7: σ²X | O7: =AVERAGE(I3:I9)-O4^2 -> 0.0023407742
A8: ='Исходные данные'!A8 -> 6 | B8: ='Исходные данные'!B8 -> Курганская обл. | C8: ='Исходные данные'!C8 -> 54.3 | D8: ='Исходные данные'!D8 -> 47.2 | E8: =LOG10(C8) -> 1.7347998 | F8: =LOG10(D8) -> 1.673942 | G8: =E8*F8 -> 2.9039543 | H8: =E8^2 -> 3.0095304 | I8: =F8^2 -> 2.8020818 | J8: =$O$10*(D8^$O$8) -> 60.156686 | K8: =C8-J8 -> -5.8566861 | L8: =K8^2 -> 34.300772 | M8: =ABS(K8/C8)*100 -> 10.785794 | N8: b | O8: =O6/O7 -> -0.2984241
A9: ='Исходные данные'!A9 -> 7 | B9: ='Исходные данные'!B9 -> Оренбургская обл. | C9: ='Исходные данные'!C9 -> 49.3 | D9: ='Исходные данные'!D9 -> 55.2 | E9: =LOG10(C9) -> 1.6928469 | F9: =LOG10(D9) -> 1.7419391 | G9: =E9*F9 -> 2.9488362 | H9: =E9^2 -> 2.8657307 | I9: =F9^2 -> 3.0343518 | J9: =$O$10*(D9^$O$8) -> 57.41058 | K9: =C9-J9 -> -8.1105803 | L9: =K9^2 -> 65.781513 | M9: =ABS(K9/C9)*100 -> 16.451481 | N9: C=lg a | O9: =O5-O8*O4 -> 2.2788285
A10: Итого | C10: =SUM(C3:C9) -> 405.2 | D10: =SUM(D3:D9) -> 384.3 | N10: a=10^C | O10: =10^O9 -> 190.03279
A11: Среднее | C11: =AVERAGE(C3:C9) -> 57.885714 | D11: =AVERAGE(D3:D9) -> 54.9 | N11: ȳ | O11: =AVERAGE(C3:C9) -> 57.885714
A12: Дисперсия | C12: =SUMPRODUCT((C3:C9-C11)^2)/COUNT(C3:C9) -> 32.924082 | D12: =SUMPRODUCT((D3:D9-D11)^2)/COUNT(D3:D9) -> 34.334286 | N12: SST | O12: =SUMPRODUCT((C3:C9-O11)^2) -> 230.46857
A13: Станд. откл. | C13: =SQRT(C12) -> 5.737951 | D13: =SQRT(D12) -> 5.8595465 | N13: SSE | O13: =SUM(L3:L9) -> 198.23721
N14: R² | O14: =1-O13/O12 -> 0.13985146
N15: ρ | O15: =SQRT(O14) -> 0.37396718
N16: Ā, % | O16: =AVERAGE(M3:M9) -> 8.0494497
N17: Fфакт | O17: =O14/(1-O14)*(O3-2) -> 0.81294944
N18: Уравнение | O18: ="ŷ = "&TEXT(O10,"0.0")&" · x^("&TEXT(O8,"0.000")&")" -> ŷ = 190.0 · x^(-0.298)

Sheet 3. Показательная модель
A1: № | B1: Район | C1: y | D1: x | E1: Y=lg y | F1: X=x | G1: YX | H1: Y² | I1: X² | J1: ŷ | K1: y - ŷ | L1: (y - ŷ)² | M1: Aᵢ, % | N1: Показатель | O1: Значение
A2: ='Исходные данные'!A3 -> 1 | B2: ='Исходные данные'!B3 -> Удмуртская респ. | C2: ='Исходные данные'!C3 -> 68.8 | D2: ='Исходные данные'!D3 -> 45.1 | E2: =LOG10(C2) -> 1.8375884 | F2: =D2 -> 45.1 | G2: =E2*F2 -> 82.875239 | H2: =E2^2 -> 3.3767313 | I2: =F2^2 -> 2034.01 | J2: =$O$9*($O$10^D2) -> 60.7037 | K2: =C2-J2 -> 8.0962997 | L2: =K2^2 -> 65.55007 | M2: =ABS(K2/C2)*100 -> 11.767878 | N2: n | O2: =COUNT(C2:C8) -> 7
A3: ='Исходные данные'!A4 -> 2 | B3: ='Исходные данные'!B4 -> Свердловская обл. | C3: ='Исходные данные'!C4 -> 61.2 | D3: ='Исходные данные'!D4 -> 59 | E3: =LOG10(C3) -> 1.7867514 | F3: =D3 -> 59 | G3: =E3*F3 -> 105.41833 | H3: =E3^2 -> 3.1924806 | I3: =F3^2 -> 3481 | J3: =$O$9*($O$10^D3) -> 56.359636 | K3: =C3-J3 -> 4.8403635 | L3: =K3^2 -> 23.429119 | M3: =ABS(K3/C3)*100 -> 7.9090907 | N3: X̄ | O3: =AVERAGE(F2:F8) -> 54.9
A4: ='Исходные данные'!A5 -> 3 | B4: ='Исходные данные'!B5 -> Башкортостан | C4: ='Исходные данные'!C5 -> 59.9 | D4: ='Исходные данные'!D5 -> 57.2 | E4: =LOG10(C4) -> 1.7774268 | F4: =D4 -> 57.2 | G4: =E4*F4 -> 101.66881 | H4: =E4^2 -> 3.1592461 | I4: =F4^2 -> 3271.84 | J4: =$O$9*($O$10^D4) -> 56.904165 | K4: =C4-J4 -> 2.9958355 | L4: =K4^2 -> 8.9750302 | M4: =ABS(K4/C4)*100 -> 5.0013948 | N4: Ȳ | O4: =AVERAGE(E2:E8) -> 1.7604799
A5: ='Исходные данные'!A6 -> 4 | B5: ='Исходные данные'!B6 -> Челябинская обл. | C5: ='Исходные данные'!C6 -> 56.7 | D5: ='Исходные данные'!D6 -> 61.8 | E5: =LOG10(C5) -> 1.7535831 | F5: =D5 -> 61.8 | G5: =E5*F5 -> 108.37143 | H5: =E5^2 -> 3.0750535 | I5: =F5^2 -> 3819.24 | J5: =$O$9*($O$10^D5) -> 55.522932 | K5: =C5-J5 -> 1.1770684 | L5: =K5^2 -> 1.3854901 | M5: =ABS(K5/C5)*100 -> 2.0759584 | N5: cov(X,Y) | O5: =AVERAGE(G2:G8)-O3*O4 -> -0.079653027
A6: ='Исходные данные'!A7 -> 5 | B6: ='Исходные данные'!B7 -> Пермская обл. | C6: ='Исходные данные'!C7 -> 55 | D6: ='Исходные данные'!D7 -> 58.8 | E6: =LOG10(C6) -> 1.7403627 | F6: =D6 -> 58.8 | G6: =E6*F6 -> 102.33333 | H6: =E6^2 -> 3.0288623 | I6: =F6^2 -> 3457.44 | J6: =$O$9*($O$10^D6) -> 56.419881 | K6: =C6-J6 -> -1.4198814 | L6: =K6^2 -> 2.0160631 | M6: =ABS(K6/C6)*100 -> 2.5816025 | N6: σ²X | O6: =AVERAGE(I2:I8)-O3^2 -> 34.334286
A7: ='Исходные данные'!A8 -> 6 | B7: ='Исходные данные'!B8 -> Курганская обл. | C7: ='Исходные данные'!C8 -> 54.3 | D7: ='Исходные данные'!D8 -> 47.2 | E7: =LOG10(C7) -> 1.7347998 | F7: =D7 -> 47.2 | G7: =E7*F7 -> 81.882552 | H7: =E7^2 -> 3.0095304 | I7: =F7^2 -> 2227.84 | J7: =$O$9*($O$10^D7) -> 60.026541 | K7: =C7-J7 -> -5.7265411 | L7: =K7^2 -> 32.793273 | M7: =ABS(K7/C7)*100 -> 10.546116 | N7: B=lg b | O7: =O5/O6 -> -0.0023199267
A8: ='Исходные данные'!A9 -> 7 | B8: ='Исходные данные'!B9 -> Оренбургская обл. | C8: ='Исходные данные'!C9 -> 49.3 | D8: ='Исходные данные'!D9 -> 55.2 | E8: =LOG10(C8) -> 1.6928469 | F8: =D8 -> 55.2 | G8: =E8*F8 -> 93.44515 | H8: =E8^2 -> 2.8657307 | I8: =F8^2 -> 3047.04 | J8: =$O$9*($O$10^D8) -> 57.515368 | K8: =C8-J8 -> -8.2153683 | L8: =K8^2 -> 67.492276 | M8: =ABS(K8/C8)*100 -> 16.664033 | N8: C=lg a | O8: =O4-O7*O3 -> 1.8878439
A9: Итого | C9: =SUM(C2:C8) -> 405.2 | D9: =SUM(D2:D8) -> 384.3 | N9: a=10^C | O9: =10^O8 -> 77.240284
A10: Среднее | C10: =AVERAGE(C2:C8) -> 57.885714 | D10: =AVERAGE(D2:D8) -> 54.9 | N10: b=10^B | O10: =10^O7 -> 0.99467241
A11: Дисперсия | C11: =SUMPRODUCT((C2:C8-C10)^2)/COUNT(C2:C8) -> 32.924082 | D11: =SUMPRODUCT((D2:D8-D10)^2)/COUNT(D2:D8) -> 34.334286 | N11: ȳ | O11: =AVERAGE(C2:C8) -> 57.885714
A12: Станд. откл. | C12: =SQRT(C11) -> 5.737951 | D12: =SQRT(D11) -> 5.8595465 | N12: SST | O12: =SUMPRODUCT((C2:C8-O11)^2) -> 230.46857
N13: SSE | O13: =SUM(L2:L8) -> 201.64132
N14: R² | O14: =1-O13/O12 -> 0.12508105
N15: ρ | O15: =SQRT(O14) -> 0.353668
N16: Ā, % | O16: =AVERAGE(M2:M8) -> 8.0780104
N17: Fфакт | O17: =O14/(1-O14)*(O2-2) -> 0.71481508
N18: Уравнение | O18: ="ŷ = "&TEXT(O9,"0.0")&" · "&TEXT(O10,"0.0000")&"^x" -> ŷ = 77.2 · 0.9947^x

Sheet 4. Гипербола
A1: № | B1: Район | C1: y | D1: x | E1: X=1/x | F1: YX | G1: Y² | H1: X² | I1: ŷ | J1: y - ŷ | K1: (y - ŷ)² | L1: Aᵢ, % | N1: Показатель | O1: Значение
A2: ='Исходные данные'!A3 -> 1 | B2: ='Исходные данные'!B3 -> Удмуртская респ. | C2: ='Исходные данные'!C3 -> 68.8 | D2: ='Исходные данные'!D3 -> 45.1 | E2: =1/D2 -> 0.022172949 | F2: =C2*E2 -> 1.5254989 | G2: =C2^2 -> 4733.44 | H2: =E2^2 -> 0.00049163967 | I2: =$O$8+$O$7*E2 -> 61.820478 | J2: =C2-I2 -> 6.9795221 | K2: =J2^2 -> 48.713728 | L2: =ABS(J2/C2)*100 -> 10.144654 | N2: n | O2: =COUNT(C2:C8) -> 7
A3: ='Исходные данные'!A4 -> 2 | B3: ='Исходные данные'!B4 -> Свердловская обл. | C3: ='Исходные данные'!C4 -> 61.2 | D3: ='Исходные данные'!D4 -> 59 | E3: =1/D3 -> 0.016949153 | F3: =C3*E3 -> 1.0372881 | G3: =C3^2 -> 3745.44 | H3: =E3^2 -> 0.00028727377 | I3: =$O$8+$O$7*E3 -> 56.311097 | J3: =C3-I3 -> 4.8889028 | K3: =J3^2 -> 23.90137 | L3: =ABS(J3/C3)*100 -> 7.9884032 | N3: X̄ | O3: =AVERAGE(E2:E8) -> 0.018442148
A4: ='Исходные данные'!A5 -> 3 | B4: ='Исходные данные'!B5 -> Башкортостан | C4: ='Исходные данные'!C5 -> 59.9 | D4: ='Исходные данные'!D5 -> 57.2 | E4: =1/D4 -> 0.017482517 | F4: =C4*E4 -> 1.0472028 | G4: =C4^2 -> 3588.01 | H4: =E4^2 -> 0.00030563842 | I4: =$O$8+$O$7*E4 -> 56.873621 | J4: =C4-I4 -> 3.0263788 | K4: =J4^2 -> 9.1589688 | L4: =ABS(J4/C4)*100 -> 5.0523854 | N4: ȳ | O4: =AVERAGE(C2:C8) -> 57.885714
A5: ='Исходные данные'!A6 -> 4 | B5: ='Исходные данные'!B6 -> Челябинская обл. | C5: ='Исходные данные'!C6 -> 56.7 | D5: ='Исходные данные'!D6 -> 61.8 | E5: =1/D5 -> 0.01618123 | F5: =C5*E5 -> 0.91747573 | G5: =C5^2 -> 3214.89 | H5: =E5^2 -> 0.0002618322 | I5: =$O$8+$O$7*E5 -> 55.501192 | J5: =C5-I5 -> 1.1988078 | K5: =J5^2 -> 1.4371401 | L5: =ABS(J5/C5)*100 -> 2.1142994 | N5: cov(X,y) | O5: =AVERAGE(F2:F8)-O3*O4 -> 0.0048030151
A6: ='Исходные данные'!A7 -> 5 | B6: ='Исходные данные'!B7 -> Пермская обл. | C6: ='Исходные данные'!C7 -> 55 | D6: ='Исходные данные'!D7 -> 58.8 | E6: =1/D6 -> 0.017006803 | F6: =C6*E6 -> 0.93537415 | G6: =C6^2 -> 3025 | H6: =E6^2 -> 0.00028923134 | I6: =$O$8+$O$7*E6 -> 56.371899 | J6: =C6-I6 -> -1.3718991 | K6: =J6^2 -> 1.8821073 | L6: =ABS(J6/C6)*100 -> 2.4943621 | N6: σ²X | O6: =AVERAGE(H2:H8)-O3^2 -> 4.554046e-06
A7: ='Исходные данные'!A8 -> 6 | B7: ='Исходные данные'!B8 -> Курганская обл. | C7: ='Исходные данные'!C8 -> 54.3 | D7: ='Исходные данные'!D8 -> 47.2 | E7: =1/D7 -> 0.021186441 | F7: =C7*E7 -> 1.1504237 | G7: =C7^2 -> 2948.49 | H7: =E7^2 -> 0.00044886527 | I7: =$O$8+$O$7*E7 -> 60.780037 | J7: =C7-I7 -> -6.4800373 | K7: =J7^2 -> 41.990884 | L7: =ABS(J7/C7)*100 -> 11.93377 | N7: b | O7: =O5/O6 -> 1054.6699
A8: ='Исходные данные'!A9 -> 7 | B8: ='Исходные данные'!B9 -> Оренбургская обл. | C8: ='Исходные данные'!C9 -> 49.3 | D8: ='Исходные данные'!D9 -> 55.2 | E8: =1/D8 -> 0.018115942 | F8: =C8*E8 -> 0.89311594 | G8: =C8^2 -> 2430.49 | H8: =E8^2 -> 0.00032818736 | I8: =$O$8+$O$7*E8 -> 57.541675 | J8: =C8-I8 -> -8.2416749 | K8: =J8^2 -> 67.925206 | L8: =ABS(J8/C8)*100 -> 16.717393 | N8: a | O8: =O4-O7*O3 -> 38.435337
A9: Итого | C9: =SUM(C2:C8) -> 405.2 | D9: =SUM(D2:D8) -> 384.3 | N9: ȳ | O9: =AVERAGE(C2:C8) -> 57.885714
A10: Среднее | C10: =AVERAGE(C2:C8) -> 57.885714 | D10: =AVERAGE(D2:D8) -> 54.9 | N10: SST | O10: =SUMPRODUCT((C2:C8-O9)^2) -> 230.46857
A11: Дисперсия | C11: =SUMPRODUCT((C2:C8-C10)^2)/COUNT(C2:C8) -> 32.924082 | D11: =SUMPRODUCT((D2:D8-D10)^2)/COUNT(D2:D8) -> 34.334286 | N11: SSE | O11: =SUM(K2:K8) -> 195.0094
A12: Станд. откл. | C12: =SQRT(C11) -> 5.737951 | D12: =SQRT(D11) -> 5.8595465 | N12: R² | O12: =1-O11/O10 -> 0.15385684
N13: ρ | O13: =SQRT(O12) -> 0.3922459
N14: Ā, % | O14: =AVERAGE(L2:L8) -> 8.0636097
N15: Fфакт | O15: =O12/(1-O12)*(O2-2) -> 0.90916556
N16: Уравнение | O16: ="ŷ = "&TEXT(O8,"0.00")&" + ("&TEXT(O7,"0.0")&")/x" -> ŷ = 38.44 + (1054.7)/x
